Name|Surname|Email|Phone
Alex|Craven|alex.craven@bluesmithis.com|999
Connor|Wright|connor.wright@bluesmithis.com|111
Oliver|Cockitt|oliver.cockitt@bluesmithis.com|101
Alex|Cravenster|alexmitchcravenster@fmail.no|07777
|||
George|Orwelly|animal.farm@1984.oink|0800-GEORGIE-BOY
Michael|Scott|michaelgaryscott@dundermifflin.com|01123432789
